Symbol,Name,Sector,CurrentPrice,ClosedPrice
MMM,3M Company provides diversified technology services in the United States and internationally. The company operates through four segments: Safety and Industrial; Transportation and Electronics; Health Care; and Consumer. The Safety and Industrial segment offers industrial abrasives and finishing for metalworking applications; autobody repair solutions; closure systems for personal hygiene products,Conglomerates,100.59,101.0
AOS,A. O. Smith Corporation manufactures and markets residential and commercial gas,Specialty Industrial Machinery,65.86,66.29
ABT,Abbott Laboratories,Medical Devices,97.2,97.04
ABBV,AbbVie Inc. discovers,Drug Manufacturers—General,156.215,155.3
ACN,Accenture plc,Information Technology Services,269.72,271.66
ATVI,Activision Blizzard,Electronic Gaming & Multimedia,83.87,79.68
ADBE,Adobe Inc.,Software—Infrastructure,370.9,369.0
AAP,Advance Auto Parts,Specialty Retail,109.82,111.14
AES,The AES Corporation operates as a diversified power generation and utility company. It owns and/or operates power plants to generate and sell power to customers,Utilities—Diversified,21.752,21.96
AFL,Aflac Incorporated,Insurance—Life,61.9,62.53
A,Agilent Technologies,Diagnostics & Research,129.82,131.13
APD,Air Products and Chemicals,Specialty Chemicals,266.98,266.94
AKAM,Akamai Technologies,Software—Infrastructure,75.0,75.05
ALB,Albemarle Corporation develops,Specialty Chemicals,212.51,215.64
ARE,Alexandria Real Estate Equities,REIT—Office,116.125,116.06
ALLE,Allegion plc manufactures and sells mechanical and electronic security products and solutions worldwide. The company offers door controls and systems and exit devices; locks,Security & Protection Services,99.94,102.27
LNT,Alliant Energy Corporation operates as a utility holding company that provides regulated electricity and natural gas services. It operates through three segments: Utility Electric Operations,Utilities—Regulated Electric,50.87,50.04
ALL,The Allstate Corporation,Insurance—Property & Casualty,103.935,105.58
GOOGL,Alphabet Inc. offers various products and platforms in the United States,Internet Content & Information,104.12,105.6
MO,Altria Group,Tobacco,43.58,43.46
AMZN,Amazon.com,Internet Retail,97.005,98.71
AEE,Ameren Corporation,Utilities—Regulated Electric,82.645,80.61
AAL,American Airlines Group Inc.,Airlines,13.42,13.63
AEP,American Electric Power Company,Utilities—Regulated Electric,87.12,85.41
AXP,American Express Company,Credit Services,158.42,162.76
AIG,American International Group,Insurance—Diversified,46.17,47.16
AMT,American Tower Corporation,REIT—Specialty,193.46,191.62
AWK,American Water Works Company,Utilities—Regulated Water,139.4,136.72
AMP,Ameriprise Financial,Asset Management,284.565,297.16
ABC,AmerisourceBergen Corporation sources and distributes pharmaceutical products. Its U.S. Healthcare Solutions segment distributes brand-name and generic pharmaceuticals,Medical Distribution,153.92,150.93
AME,AMETEK,Specialty Industrial Machinery,137.19,138.35
AMGN,Amgen Inc. discovers,Drug Manufacturers—General,235.198,233.1
APH,Amphenol Corporation,Electronic Components,77.45,78.38
ANSS,ANSYS,Software—Application,312.38,314.65
APA,APA Corporation,Oil & Gas E&P,33.81,34.01
AAPL,Apple Inc. designs,Consumer Electronics,158.255,158.93
AMAT,Applied Materials,Semiconductor Equipment & Materials,118.715,122.78
APTV,Aptiv PLC engages in design,Auto Parts,106.13,107.7
ADM,Archer-Daniels-Midland Company procures,Farm Products,75.62,75.13
ANET,Arista Networks,Computer Hardware,168.38,169.39
AJG,Arthur J. Gallagher & Co.,Insurance Brokers,183.365,184.44
AIZ,Assurant,Insurance—Specialty,112.03,112.3
T,AT&T Inc. provides telecommunications and technology services worldwide. The company operates through two segments,Telecom Services,18.4608,18.46
ATO,Atmos Energy Corporation,Utilities—Regulated Gas,107.26,106.52
ADSK,Autodesk,Software—Application,199.165,201.14
ADP,Automatic Data Processing,Staffing & Employment Services,212.787,213.62
AZO,AutoZone,Specialty Retail,2311.14,2307.82
AVB,As of December 31,REIT—Residential,153.995,154.07
AVY,Avery Dennison Corporation operates as materials science and digital identification solutions company. It provides branding and information labeling solutions,Packaging & Containers,169.18,169.63
BAC,Bank of America Corporation,Banks—Diversified,26.4692,26.97
BAX,Baxter International Inc.,Medical Instruments & Supplies,38.57,38.12
BDX,Becton,Medical Instruments & Supplies,238.45,236.38
BBY,Best Buy Co.,Specialty Retail,74.25,74.59
BIO,Bio-Rad Laboratories,Medical Devices,453.81,456.32
BIIB,Biogen Inc. discovers,Drug Manufacturers—General,265.085,265.17
BLK,BlackRock,Asset Management,639.93,651.78
BA,The Boeing Company,Aerospace & Defense,194.62,197.9
BKNG,Booking Holdings Inc. provides travel and restaurant online reservation and related services worldwide. The company operates Booking.com,Travel Services,2474.65,2538.76
BWA,BorgWarner Inc. provides solutions for combustion,Auto Parts,46.33,46.62
BXP,Boston Properties (NYSE:BXP) is the largest publicly-held developer and owner of Class A office properties in the United States,REIT—Office,47.38,47.37
BSX,Boston Scientific Corporation develops,Medical Devices,47.64,47.94
BMY,Bristol-Myers Squibb Company discovers,Drug Manufacturers—General,66.995,66.98
AVGO,Broadcom Inc. designs,Semiconductors,629.7536,639.23
BR,Broadridge Financial Solutions,Information Technology Services,138.5,137.86
CHRW,C.H. Robinson Worldwide,Integrated Freight & Logistics,94.445,94.87
CDNS,Cadence Design Systems,Software—Application,203.77,207.0
CPB,Campbell Soup Company,Packaged Foods,54.14,53.5
COF,Capital One Financial Corporation operates as the financial services holding company for the Capital One Bank (USA),Credit Services,87.54,89.91
CAH,Cardinal Health,Medical Distribution,69.2597,69.01
KMX,CarMax,Auto & Truck Dealerships,56.56,56.73
CCL,Carnival Corporation & plc engages in the provision of leisure travel services. The company operates a fleet of more than 90 ships visit approximately 700 ports under AIDA Cruises,Travel Services,9.0767,9.22
CAT,Caterpillar Inc. manufactures and sells construction and mining equipment,Farm & Heavy Construction Machinery,213.91,219.44
CBOE,Cboe Global Markets,Financial Data & Stock Exchanges,127.825,127.18
CBRE,CBRE Group,Real Estate Services,66.765,68.91
CDW,CDW Corporation provides information technology (IT) solutions in the United States,Information Technology Services,187.78,191.1
CE,Celanese Corporation,Chemicals,99.05,99.55
CNC,Centene Corporation operates as a healthcare enterprise that provides programs and services to under-insured and uninsured families,Healthcare Plans,63.1665,62.58
CNP,CenterPoint Energy,Utilities—Regulated Electric,27.865,27.32
CF,CF Industries Holdings,Agricultural Inputs,68.2658,70.0
SCHW,The Charles Schwab Corporation,Capital Markets,53.22,52.89
CHTR,Charter Communications,Telecom Services,337.54,342.17
CVX,Chevron Corporation,Oil & Gas Integrated,153.4,154.52
CMG,Chipotle Mexican Grill,Restaurants,1616.35,1632.53
CB,Chubb Limited provides insurance and reinsurance products worldwide. The company's North America Commercial P&C Insurance segment offers commercial property,Insurance—Property & Casualty,184.7573,186.01
CHD,Church & Dwight Co.,Household & Personal Products,85.485,84.32
CI,The Cigna Group,Healthcare Plans,257.98,256.58
CINF,Cincinnati Financial Corporation,Insurance—Property & Casualty,104.9212,105.98
CTAS,Cintas Corporation provides corporate identity uniforms and related business services primarily in the United States,Specialty Business Services,431.0,433.15
CSCO,Cisco Systems,Communication Equipment,49.89,49.73
C,Citigroup Inc.,Banks—Diversified,42.265,43.45
CFG,Citizens Financial Group,Banks—Regional,30.335,29.89
CME,CME Group Inc.,Financial Data & Stock Exchanges,181.64,180.03
CMS,CMS Energy Corporation operates as an energy company primarily in Michigan. The company operates through three segments: Electric Utility; Gas Utility; and Enterprises. The Electric Utility segment is involved in the generation,Utilities—Regulated Electric,59.26,57.96
KO,The Coca-Cola Company,Beverages—Non-Alcoholic,60.3256,59.92
CTSH,Cognizant Technology Solutions Corporation,Information Technology Services,57.52,58.16
CL,Colgate-Palmolive Company,Household & Personal Products,72.715,71.83
CMCSA,Comcast Corporation operates as a media and technology company worldwide. It operates through Cable Communications,Telecom Services,35.68,35.97
CMA,Comerica Incorporated,Banks—Regional,40.085,40.7
CAG,Conagra Brands,Packaged Foods,36.81,36.57
COP,ConocoPhillips explores for,Oil & Gas E&P,94.11,96.42
ED,Consolidated Edison,Utilities—Regulated Electric,93.72,91.73
STZ,Constellation Brands,Beverages—Wineries & Distilleries,215.835,214.99
CPRT,Copart,Auto & Truck Dealerships,70.28,71.23
GLW,Corning Incorporated engages in the display technologies,Electronic Components,32.235,32.66
COST,Costco Wholesale Corporation,Discount Stores,491.18,487.76
CCI,Crown Castle owns,REIT—Specialty,124.825,123.75
CSX,CSX Corporation,Railroads,27.775,28.08
CMI,Cummins Inc. designs,Specialty Industrial Machinery,221.215,226.19
CVS,CVS Health Corporation provides health services in the United States. It operates through Health Care Benefits,Healthcare Plans,72.767,72.37
DHI,D.R. Horton,Residential Construction,95.7,96.28
DHR,Danaher Corporation designs,Diagnostics & Research,244.79,246.93
DRI,Darden Restaurants,Restaurants,151.81,150.52
DVA,DaVita Inc. provides kidney dialysis services for patients suffering from chronic kidney failure in the United States. The company operates kidney dialysis centers and provides related lab services in outpatient dialysis centers. It also offers outpatient,Medical Care Facilities,75.0606,75.24
DE,Deere & Company manufactures and distributes various equipment worldwide. The company operates through four segments: Production and Precision Agriculture,Farm & Heavy Construction Machinery,382.72,391.85
DAL,Delta Air Lines,Airlines,31.15,32.14
XRAY,DENTSPLY SIRONA Inc. manufactures and sells various dental products and technologies for professional dental market worldwide. The company operates through two segments,Medical Instruments & Supplies,36.62,36.76
DVN,Devon Energy Corporation,Oil & Gas E&P,46.26,46.72
DXCM,DexCom,Medical Devices,113.16,114.5
DLR,Digital Realty supports the world's leading enterprises and service providers by delivering the full spectrum of data center,REIT—Specialty,92.565,93.51
DFS,Discover Financial Services,Credit Services,91.01,93.57
DISH,DISH Network Corporation,Telecom Services,8.505,8.84
DG,Dollar General Corporation,Discount Stores,203.75,202.85
DLTR,Dollar Tree,Discount Stores,136.0,135.46
D,Dominion Energy,Utilities—Regulated Electric,52.8917,52.22
DPZ,Domino's Pizza,Restaurants,313.39,315.43
DOV,Dover Corporation provides equipment and components,Specialty Industrial Machinery,139.5,140.53
DTE,DTE Energy Company engages in the utility operations. The company's Electric segment generates,Utilities—Regulated Electric,104.84,102.66
DUK,Duke Energy Corporation,Utilities—Regulated Electric,93.085,91.55
DD,DuPont de Nemours,Specialty Chemicals,67.99,68.36
DXC,DXC Technology Company,Information Technology Services,23.04,23.25
EMN,Eastman Chemical Company operates as a specialty materials company in the United States and internationally. The company's Additives & Functional Products segment offers hydrocarbon resins; organic acid-based solutions; amine derivative-based building blocks; metam-based soil fumigants,Specialty Chemicals,78.2725,78.73
ETN,Eaton Corporation plc operates as a power management company worldwide. The company's Electrical Americas and Electrical Global segment provides electrical components,Specialty Industrial Machinery,162.5,164.54
EBAY,eBay Inc. operates marketplace platforms that connect buyers and sellers in the United States and internationally. The company's marketplace platform includes its online marketplace at ebay.com and the eBay suite of mobile apps. Its platforms enable users to list,Internet Retail,41.89,42.45
ECL,Ecolab Inc. provides water,Specialty Chemicals,157.58,157.04
EIX,Edison International,Utilities—Regulated Electric,66.87,66.04
EW,Edwards Lifesciences Corporation provides products and technologies for structural heart disease,Medical Devices,79.875,79.55
EA,Electronic Arts Inc. develops,Electronic Gaming & Multimedia,118.17,116.04
EMR,Emerson Electric Co.,Specialty Industrial Machinery,81.91,83.1
ETR,Entergy Corporation,Utilities—Regulated Electric,102.01,100.35
EOG,EOG Resources,Oil & Gas E&P,103.6317,104.78
EFX,Equifax Inc. operates as a data,Consulting Services,194.325,195.83
EQIX,Equinix (Nasdaq: EQIX) is the world's digital infrastructure company,REIT—Specialty,666.02,666.37
EQR,Equity Residential is committed to creating communities where people thrive. The Company,REIT—Residential,54.8725,54.7975
ESS,Essex Property Trust,REIT—Residential,197.39,196.17
EL,The Estée Lauder Companies Inc. manufactures,Household & Personal Products,238.27,238.72
RE,Everest Re Group,Insurance—Reinsurance,339.825,341.79
ES,Eversource Energy,Utilities—Regulated Electric,74.32,73.25
EXC,Exelon Corporation,Utilities—Regulated Electric,39.455,39.2
EXPE,Expedia Group,Travel Services,89.29,92.65
EXPD,Expeditors International of Washington,Integrated Freight & Logistics,104.19,104.56
EXR,Extra Space Storage Inc.,REIT—Industrial,150.56,149.27
XOM,Exxon Mobil Corporation explores for and produces crude oil and natural gas in the United States and internationally. It operates through Upstream,Oil & Gas Integrated,101.74,103.41
FFIV,F5,Software—Infrastructure,139.21,140.3
FAST,Fastenal Company,Industrial Distribution,51.605,51.74
FRT,Federal Realty is a recognized leader in the ownership,REIT—Retail,90.83,91.16
FDX,FedEx Corporation provides transportation,Integrated Freight & Logistics,216.3224,216.92
FIS,Fidelity National Information Services,Information Technology Services,49.0,49.97
FITB,Fifth Third Bancorp operates as a diversified financial services company in the United States. It operates through three segments: Commercial Banking,Banks—Regional,25.1751,25.34
FRC,First Republic Bank,Banks—Regional,12.299,12.53
FE,FirstEnergy Corp.,Utilities—Regulated Electric,38.368,37.75
FISV,Fiserv,Information Technology Services,110.33,111.1
FLT,FLEETCOR Technologies,Software—Infrastructure,196.887,199.76
FLS,Flowserve Corporation  designs,Specialty Industrial Machinery,31.005,31.41
FMC,FMC Corporation,Agricultural Inputs,115.69,116.96
F,Ford Motor Company develops,Auto Manufacturers,11.345,11.42
FTNT,Fortinet,Software—Infrastructure,62.2,63.25
FTV,Fortive Corporation designs,Scientific & Technical Instruments,64.19,64.53
BEN,Franklin Resources,Asset Management,25.91,26.19
FCX,Freeport-McMoRan Inc. engages in the mining of mineral properties in North America,Copper,37.54,37.79
GPS,The Gap,Apparel Retail,8.819,8.84
GRMN,Garmin Ltd. designs,Scientific & Technical Instruments,94.675,95.09
IT,Gartner,Information Technology Services,306.02,308.54
GD,General Dynamics Corporation operates as an aerospace and defense company worldwide. It operates through four segments: Aerospace,Aerospace & Defense,221.19,220.11
GE,General Electric Company operates as a high-tech industrial company in Europe,Specialty Industrial Machinery,91.03,91.59
GIS,General Mills,Packaged Foods,83.23,82.15
GM,General Motors Company designs,Auto Manufacturers,33.09,33.74
GPC,Genuine Parts Company distributes automotive replacement parts,Specialty Retail,157.05,154.29
GILD,Gilead Sciences,Drug Manufacturers—General,78.87,78.76
GPN,Global Payments Inc. provides payment technology and software solutions for card,Specialty Business Services,96.345,98.44
GL,Globe Life Inc.,Insurance—Life,105.025,106.36
GS,The Goldman Sachs Group,Capital Markets,308.34,314.85
GWW,W.W. Grainger,Industrial Distribution,655.8,665.38
HAL,Halliburton Company provides products and services to the energy industry worldwide. It operates in two segments,Oil & Gas Equipment & Services,29.285,29.42
HBI,Hanesbrands Inc.,Apparel Manufacturing,4.9019,4.9
HIG,The Hartford Financial Services Group,Insurance—Diversified,65.28,65.79
HAS,Hasbro,Leisure,48.61,48.64
HCA,HCA Healthcare,Medical Care Facilities,250.92,252.77
PEAK,Healthpeak Properties,REIT—Healthcare Facilities,20.6,20.3
HSIC,Henry Schein,Medical Distribution,78.73,78.13
HES,Hess Corporation,Oil & Gas E&P,119.79,120.56
HPE,Hewlett Packard Enterprise Company provides solutions that allow customers to capture,Communication Equipment,14.085,14.27
HLT,Hilton Worldwide Holdings Inc.,Lodging,130.33,135.67
HOLX,Hologic,Medical Instruments & Supplies,78.73,78.53
HD,The Home Depot,Home Improvement Retail,281.95,283.91
HON,Honeywell International Inc. operates as a diversified technology and manufacturing company worldwide. Its Aerospace segment offers auxiliary power units,Conglomerates,185.265,186.92
HRL,Hormel Foods Corporation develops,Packaged Foods,38.415,37.95
HST,Host Hotels & Resorts,REIT—Hotel & Motel,14.675,14.86
HPQ,HP Inc. provides personal computing and other access devices,Computer Hardware,27.305,27.72
HUM,Humana Inc.,Healthcare Plans,494.4,491.35
HBAN,Huntington Bancshares Incorporated operates as the bank holding company for The Huntington National Bank that provides commercial,Banks—Regional,10.635,10.68
IEX,IDEX Corporation,Specialty Industrial Machinery,217.17,218.0
IDXX,IDEXX Laboratories,Diagnostics & Research,478.27,478.74
ITW,Illinois Tool Works Inc. manufactures and sells industrial products and equipment worldwide. It operates through seven segments: Automotive OEM; Food Equipment; Test & Measurement and Electronics; Welding; Polymers & Fluids; Construction Products; and Specialty Products. The Automotive OEM segment offers plastic and metal components,Specialty Industrial Machinery,229.445,231.28
ILMN,Illumina,Diagnostics & Research,218.6154,216.95
INCY,Incyte Corporation,Biotechnology,68.48,72.26
INTC,Intel Corporation designs,Semiconductors,29.55,29.03
ICE,Intercontinental Exchange,Financial Data & Stock Exchanges,96.215,96.53
IBM,International Business Machines Corporation,Information Technology Services,124.105,123.37
IFF,International Flavors & Fragrances Inc.,Specialty Chemicals,83.28,83.51
IP,International Paper Company produces renewable fiber-based packaging and pulp products in North America,Packaging & Containers,34.057,34.11
IPG,The Interpublic Group of Companies,Advertising Agencies,34.64,35.03
INTU,Intuit Inc. provides financial management and compliance products and services for consumers,Software—Application,424.41,432.49
ISRG,Intuitive Surgical,Medical Instruments & Supplies,250.35,244.47
IVZ,Invesco Ltd. is a publicly owned investment manager. The firm provides its services to retail clients,Asset Management,14.675,15.04
IPGP,IPG Photonics Corporation develops,Semiconductor Equipment & Materials,115.19,116.94
IQV,IQVIA Holdings Inc. engages in the provision of advanced analytics,Diagnostics & Research,185.52,188.0
IRM,Iron Mountain Incorporated (NYSE: IRM),REIT—Specialty,49.4059,49.54
JBHT,J.B. Hunt Transport Services,Integrated Freight & Logistics,165.345,165.96
JKHY,Jack Henry & Associates,Information Technology Services,146.0161,146.68
J,Jacobs Solutions Inc. provides consulting,Engineering & Construction,110.6,111.68
SJM,The J. M. Smucker Company manufactures and markets branded food and beverage products worldwide. It operates in three segments: U.S. Retail Pet Foods,Packaged Foods,153.41,151.09
JNJ,Johnson & Johnson,Drug Manufacturers—General,151.46,151.13
JCI,Johnson Controls International plc,Building Products & Equipment,57.48,58.71
JPM,JPMorgan Chase & Co. operates as a financial services company worldwide. It operates through four segments: Consumer & Community Banking (CCB),Banks—Diversified,123.44,126.84
JNPR,Juniper Networks,Communication Equipment,32.34,32.12
K,Kellogg Company,Packaged Foods,65.22,64.6
KEY,KeyCorp operates as the holding company for KeyBank National Association that provides various retail and commercial banking products and services in the United States. It operates in two segments,Banks—Regional,11.265,11.27
KEYS,Keysight Technologies,Scientific & Technical Instruments,155.22,156.44
KMB,Kimberly-Clark Corporation,Household & Personal Products,129.12,127.37
KIM,Kimco Realty Corp. (NYSE:KIM) is a real estate investment trust (REIT) headquartered in Jericho,REIT—Retail,17.57,17.51
KMI,Kinder Morgan,Oil & Gas Midstream,16.45,16.39
KLAC,KLA Corporation designs,Semiconductor Equipment & Materials,372.69,388.81
KHC,The Kraft Heinz Company,Packaged Foods,37.8699,37.42
KR,The Kroger Co. operates as a retailer in the United States. The company operates combination food and drug stores,Grocery Stores,49.135,48.52
LH,Laboratory Corporation of America Holdings operates as a life sciences company that provides vital information to help doctors,Diagnostics & Research,215.795,214.65
LRCX,Lam Research Corporation designs,Semiconductor Equipment & Materials,501.84,523.59
LVS,Las Vegas Sands Corp.,Resorts & Casinos,53.53,54.73
LEG,Leggett & Platt,"Furnishings, Fixtures & Appliances",30.34,30.4
LDOS,Leidos Holdings,Information Technology Services,90.27,90.28
LEN,Lennar Corporation,Residential Construction,102.595,103.37
LLY,Eli Lilly and Company discovers,Drug Manufacturers—General,333.83,332.64
LNC,Lincoln National Corporation,Insurance—Life,19.92,20.39
LKQ,LKQ Corporation engages in the distribution of replacement parts,Auto Parts,53.24,53.57
LMT,Lockheed Martin Corporation,Aerospace & Defense,470.122,467.9
L,Loews Corporation provides commercial property and casualty insurance in the United States and internationally. It offers specialty insurance products,Insurance—Property & Casualty,53.64,53.78
LOW,Lowe's Companies,Home Improvement Retail,188.445,189.69
LUMN,Lumen Technologies,Telecom Services,2.39,2.47
LYB,LyondellBasell Industries N.V. operates as a chemical company in the United States,Specialty Chemicals,85.47,85.74
MTB,M&T Bank Corporation operates as a bank holding company for Manufacturers and Traders Trust Company and Wilmington Trust,Banks—Regional,111.62,112.37
MRO,Marathon Oil Corporation operates as an independent exploration and production company in the United States and internationally. The company engages in the exploration,Oil & Gas E&P,21.675,22.0
MPC,Marathon Petroleum Corporation,Oil & Gas Refining & Marketing,122.26,126.15
MAR,Marriott International,Lodging,154.045,159.98
MMC,Marsh & McLennan Companies,Insurance Brokers,158.325,158.65
MLM,Martin Marietta Materials,Building Materials,328.15,333.45
MAS,Masco Corporation designs,Building Products & Equipment,47.36,48.4
MA,Mastercard Incorporated,Credit Services,349.21,354.37
MKC,McCormick & Company,Packaged Foods,72.48,71.2
MCD,McDonald's Corporation operates and franchises McDonald's restaurants in the United States and internationally. The company's restaurants offer hamburgers and cheeseburgers,Restaurants,269.89,269.62
MCK,McKesson Corporation provides healthcare services in the United States and internationally. It operates through four segments: U.S. Pharmaceutical,Medical Distribution,341.225,335.83
MDT,Medtronic plc develops,Medical Devices,78.42,77.57
MRK,Merck & Co.,Drug Manufacturers—General,102.925,104.23
MET,MetLife,Insurance—Life,53.35,54.3
MTD,Mettler-Toledo International Inc. manufactures and supplies precision instruments and services in the United States and internationally. It operates through five segments: U.S. Operations,Diagnostics & Research,1437.46,1451.1
MGM,MGM Resorts International,Resorts & Casinos,40.36,41.23
MCHP,Microchip Technology Incorporated develops,Semiconductors,79.305,82.3
MU,Micron Technology,Semiconductors,61.075,61.34
MSFT,Microsoft Corporation develops,Software—Infrastructure,277.37,277.66
MAA,MAA,REIT—Residential,140.51,139.99
MHK,Mohawk Industries,"Furnishings, Fixtures & Appliances",94.45,95.07
TAP,Molson Coors Beverage Company manufactures,Beverages—Brewers,49.77,49.56
MDLZ,Mondelez International,Confectioners,68.06,67.2
MNST,Monster Beverage Corporation,Beverages—Non-Alcoholic,102.92,102.39
MCO,Moody's Corporation operates as an integrated risk assessment firm worldwide. It operates in two segments,Financial Data & Stock Exchanges,286.99,290.37
MS,Morgan Stanley,Capital Markets,82.22,85.84
MSI,Motorola Solutions,Communication Equipment,267.97,268.16
MSCI,MSCI Inc.,Financial Data & Stock Exchanges,538.55,546.96
NDAQ,Nasdaq,Financial Data & Stock Exchanges,52.29,52.49
NTAP,NetApp,Computer Hardware,59.95,61.53
NFLX,Netflix,Entertainment,324.9146,320.37
NWL,Newell Brands Inc. engages in the design,Household & Personal Products,11.5,11.52
NEM,Newmont Corporation engages in the production and exploration of gold. It also explores for copper,Gold,48.6,47.79
NWSA,News Corporation,Entertainment,15.935,16.18
NEE,NextEra Energy,Utilities—Regulated Electric,74.41,73.81
NKE,NIKE,Footwear & Accessories,119.44,120.97
NI,NiSource Inc.,Utilities—Regulated Gas,26.36,25.98
NSC,Norfolk Southern Corporation,Railroads,197.0,199.42
NTRS,Northern Trust Corporation,Asset Management,81.63,83.22
NOC,Northrop Grumman Corporation operates as an aerospace and defense company worldwide. The company's Aeronautics Systems segment designs,Aerospace & Defense,449.875,444.44
NCLH,Norwegian Cruise Line Holdings Ltd.,Travel Services,12.2675,12.57
NOV,NOV Inc. designs,Oil & Gas Equipment & Services,16.87,17.27
NRG,NRG Energy,Utilities—Independent Power Producers,31.08,31.01
NUE,Nucor Corporation engages in manufacture and sale of steel and steel products. The company's Steel Mills segment produces hot-rolled,Steel,146.74,148.0
NVDA,NVIDIA Corporation provides graphics,Semiconductors,264.64,271.91
NVR,NVR,Residential Construction,5306.1,5354.43
ORLY,O'Reilly Automotive,Specialty Retail,802.48,801.38
OXY,Occidental Petroleum Corporation,Oil & Gas E&P,57.68,58.48
OMC,Omnicom Group Inc.,Advertising Agencies,86.36,88.63
OKE,ONEOK,Oil & Gas Midstream,58.3,58.64
ORCL,Oracle Corporation offers products and services that address enterprise information technology environments worldwide. Its Oracle cloud software as a service offering include various cloud software applications,Software—Infrastructure,87.8,87.78
PCAR,PACCAR Inc designs,Farm & Heavy Construction Machinery,68.83,69.81
PKG,Packaging Corporation of America manufactures and sells containerboard and corrugated packaging products in the United States. The company operates through Packaging and Paper segments. The Packaging segment offers various containerboard and corrugated packaging products,Packaging & Containers,132.08,131.08
PH,Parker-Hannifin Corporation manufactures and sells motion and control technologies and systems for various mobile,Specialty Industrial Machinery,314.99,320.42
PAYX,Paychex,Staffing & Employment Services,107.74,107.88
PYPL,PayPal Holdings,Credit Services,72.975,72.56
PNR,Pentair plc provides various water solutions worldwide. It operates through Consumer Solutions; and Industrial & Flow Technologies segments. The Consumer Solutions segment designs,Specialty Industrial Machinery,50.83,51.01
PEP,PepsiCo,Beverages—Non-Alcoholic,177.5545,175.65
PKI,PerkinElmer,Diagnostics & Research,125.41,125.1
PRGO,Perrigo Company plc provides over-the-counter health and wellness solutions to enhance individual well-being in Ireland,Drug Manufacturers—Specialty & Generic,33.25,33.31
PFE,Pfizer Inc. discovers,Drug Manufacturers—General,39.9824,40.18
PM,Philip Morris International Inc. operates as a tobacco company working to delivers a smoke-free future and evolving portfolio for the long-term to include products outside of the tobacco and nicotine sector. The company's product portfolio primarily consists of cigarettes and smoke-free products,Tobacco,90.39,90.27
PSX,Phillips 66 operates as an energy manufacturing and logistics company in the United States,Oil & Gas Refining & Marketing,91.87,93.54
PNW,Pinnacle West Capital Corporation,Utilities—Regulated Electric,75.63,74.1
PXD,Pioneer Natural Resources Company operates as an independent oil and gas exploration and production company in the United States. The company explores for,Oil & Gas E&P,188.705,189.18
PNC,The PNC Financial Services Group,Banks—Regional,120.45,122.13
PPG,PPG Industries,Specialty Chemicals,123.17,123.51
PPL,PPL Corporation,Utilities—Regulated Electric,26.255,25.91
PFG,Principal Financial Group,Asset Management,69.57,71.26
PG,The Procter & Gamble Company provides branded consumer packaged goods worldwide. It operates through five segments: Beauty; Grooming; Health Care; Fabric & Home Care; and Baby,Household & Personal Products,145.64,143.79
PGR,The Progressive Corporation,Insurance—Property & Casualty,137.555,137.83
PLD,Prologis,REIT—Industrial,114.2,114.15
PRU,Prudential Financial,Insurance—Life,75.91,77.23
PEG,Public Service Enterprise Group Incorporated,Utilities—Regulated Electric,57.65,56.74
PSA,Public Storage,REIT—Industrial,284.35,282.24
PHM,PulteGroup,Residential Construction,56.0,56.39
PVH,PVH Corp. operates as an apparel company worldwide. The company operates through six segments: Tommy Hilfiger North America,Apparel Manufacturing,71.98,73.86
QRVO,Qorvo,Semiconductors,100.59,102.48
QCOM,QUALCOMM Incorporated engages in the development and commercialization of foundational technologies for the wireless industry worldwide. It operates through three segments: Qualcomm CDMA Technologies (QCT); Qualcomm Technology Licensing (QTL); and Qualcomm Strategic Initiatives (QSI). The QCT segment develops and supplies integrated circuits and system software based on 3G/4G/5G and other technologies for use in wireless voice and data communications,Semiconductors,122.69,124.15
PWR,Quanta Services,Engineering & Construction,157.415,158.97
DGX,Quest Diagnostics Incorporated provides diagnostic testing,Diagnostics & Research,138.96,135.39
RL,Ralph Lauren Corporation designs,Apparel Manufacturing,109.69,111.44
RJF,Raymond James Financial,Capital Markets,88.0,91.31
O,Realty Income,REIT—Retail,60.125,59.27
REG,Regency Centers is the preeminent national owner,REIT—Retail,56.91,56.69
REGN,Regeneron Pharmaceuticals,Biotechnology,808.44,802.16
RF,Regions Financial Corporation,Banks—Regional,17.61,17.53
RSG,Republic Services,Waste Management,129.21,127.96
RMD,ResMed Inc. develops,Medical Instruments & Supplies,210.175,210.59
RHI,Robert Half International Inc. provides talent solutions and business consulting service in North America,Staffing & Employment Services,73.78,74.06
ROK,Rockwell Automation,Specialty Industrial Machinery,272.27,278.42
ROL,Rollins,Personal Services,36.195,36.17
ROP,Roper Technologies,Software—Application,426.55,425.05
ROST,Ross Stores,Apparel Retail,100.06,101.63
RCL,Royal Caribbean Cruises Ltd. operates as a cruise company worldwide. The company operates cruises under the Royal Caribbean International,Travel Services,60.0381,61.75
SPGI,S&P Global Inc.,Financial Data & Stock Exchanges,330.005,332.25
CRM,Salesforce,Software—Application,187.42,187.44
SBAC,SBA Communications Corporation is a first choice provider and leading owner and operator of wireless communications infrastructure in North,REIT—Specialty,247.82,246.9
SLB,Schlumberger Limited engages in the provision of technology for the energy industry worldwide. The company operates through four divisions: Digital & Integration,Oil & Gas Equipment & Services,44.395,45.48
STX,Seagate Technology Holdings plc provides data storage technology and solutions in Singapore,Computer Hardware,61.28,61.6
SEE,Sealed Air Corporation provides packaging solutions in the Americas,Packaging & Containers,42.54,42.69
SRE,Sempra Energy operates as an energy infrastructure company in the United States and internationally. It operates through four segments: San Diego Gas & Electric Company,Utilities—Diversified,141.21,139.69
NOW,ServiceNow,Software—Application,428.82,440.47
SHW,The Sherwin-Williams Company engages in the manufacture,Specialty Chemicals,208.705,209.06
SPG,Simon is a real estate investment trust engaged in the ownership of premier shopping,REIT—Retail,101.14,102.38
SWKS,Skyworks Solutions,Semiconductors,113.73,116.36
SLG,SL Green Realty Corp.,REIT—Office,19.4,19.96
SNA,Snap-on Incorporated manufactures and markets tools,Tools & Accessories,232.25,233.75
SO,The Southern Company,Utilities—Regulated Electric,67.15,66.34
LUV,Southwest Airlines Co. operates as a passenger airline company that provide scheduled air transportation services in the United States and near-international markets. As of December 31,Airlines,29.01,29.62
SWK,Stanley Black & Decker,Tools & Accessories,73.5,75.47
SBUX,Starbucks Corporation,Restaurants,97.33,98.42
STT,State Street Corporation,Asset Management,69.73,72.69
SYK,Stryker Corporation operates as a medical technology company. The company operates through two segments,Medical Devices,274.1,274.28
SIVB,SVB Financial Group,Banks—Regional,106.04,106.04
SYF,Synchrony Financial,Credit Services,27.375,28.01
SNPS,Synopsys,Software—Infrastructure,371.46,379.4
SYY,Sysco Corporation,Food Distribution,73.67,73.23
TMUS,T-Mobile US,Telecom Services,141.39,142.3
TROW,T. Rowe Price Group,Asset Management,108.75,108.85
TPR,Tapestry,Luxury Goods,40.135,40.66
TGT,Target Corporation operates as a general merchandise retailer in the United States. The company offers apparel for women,Discount Stores,154.06,156.12
TEL,TE Connectivity Ltd.,Electronic Components,123.54,125.15
TFX,Teleflex Incorporated designs,Medical Instruments & Supplies,243.92,241.34
TER,Teradyne,Semiconductor Equipment & Materials,104.88,107.61
TSLA,Tesla,Auto Manufacturers,187.3,192.22
TXN,Texas Instruments Incorporated designs,Semiconductors,178.18,180.28
TXT,Textron Inc. operates in the aircraft,Aerospace & Defense,66.68,67.34
BK,The Bank of New York Mellon Corporation provides a range of financial products and services in the United States and internationally. The company operates through Securities Services,Asset Management,41.725,43.24
CLX,The Clorox Company manufactures and markets consumer and professional products worldwide. It operates through four segments: Health and Wellness,Household & Personal Products,155.265,154.61
COO,The Cooper Companies,Medical Instruments & Supplies,347.5,344.96
HSY,The Hershey Company,Confectioners,246.22,243.98
MOS,The Mosaic Company,Agricultural Inputs,41.54,42.98
TRV,The Travelers Companies,Insurance—Property & Casualty,163.38,163.86
DIS,The Walt Disney Company,Entertainment,93.23,95.83
TMO,Thermo Fisher Scientific Inc. provides life sciences solutions,Diagnostics & Research,550.0,555.19
TJX,The TJX Companies,Apparel Retail,73.87,74.63
TSCO,Tractor Supply Company operates as a rural lifestyle retailer in the United States. The company offers a selection of merchandise,Specialty Retail,227.22,226.61
TT,Trane Technologies plc,Building Products & Equipment,180.62,182.91
TDG,TransDigm Group Incorporated designs,Aerospace & Defense,692.9,701.25
TRMB,Trimble Inc. provides technology solutions that enable professionals and field mobile workers to enhance or transform their work processes worldwide. The company's Buildings and Infrastructure segment offers field and office software for route selection and design; systems to guide and control construction equipment; software for 3D design and data sharing; systems to monitor,Scientific & Technical Instruments,48.63,48.69
TSN,Tyson Foods,Farm Products,56.415,56.08
USB,U.S. Bancorp,Banks—Regional,34.13,35.06
UDR,UDR,REIT—Residential,37.92,37.84
ULTA,Ulta Beauty,Specialty Retail,508.5,515.74
UAA,Under Armour,Apparel Manufacturing,8.812,8.94
UNP,Union Pacific Corporation,Railroads,185.05,186.2
UAL,United Airlines Holdings,Airlines,40.51,41.66
UPS,United Parcel Service,Integrated Freight & Logistics,184.59,185.29
URI,United Rentals,Rental & Leasing Services,364.775,382.18
UNH,UnitedHealth Group Incorporated operates as a diversified health care company in the United States. It operates through four segments: UnitedHealthcare,Healthcare Plans,471.22,469.91
UHS,Universal Health Services,Medical Care Facilities,121.32,121.8
UNM,Unum Group,Insurance—Life,37.27,37.6
VLO,Valero Energy Corporation manufactures,Oil & Gas Refining & Marketing,127.1,130.38
VTR,Ventas,REIT—Healthcare Facilities,41.76,41.69
VRSN,VeriSign,Software—Infrastructure,200.13,200.62
VRSK,Verisk Analytics,Consulting Services,184.365,181.82
VZ,Verizon Communications Inc.,Telecom Services,37.32,37.37
VRTX,Vertex Pharmaceuticals Incorporated,Biotechnology,308.7,304.75
VFC,V.F. Corporation,Apparel Manufacturing,20.18,20.44
V,Visa Inc. operates as a payments technology company worldwide. The company operates VisaNet,Credit Services,219.22,222.59
VMC,Vulcan Materials Company,Building Materials,162.86,164.5
WRB,W. R. Berkley Corporation,Insurance—Property & Casualty,59.51,59.97
WBA,Walgreens Boots Alliance,Pharmaceutical Retailers,32.1108,32.33
WMT,Walmart Inc. engages in the operation of retail,Discount Stores,141.86,140.65
WM,Waste Management,Waste Management,152.73,150.7
WAT,Waters Corporation,Diagnostics & Research,295.735,298.17
WEC,WEC Energy Group,Utilities—Regulated Electric,91.7,89.93
WFC,Wells Fargo & Company,Banks—Diversified,35.355,36.61
WELL,Welltower Inc. (NYSE:WELL),REIT—Healthcare Facilities,66.0641,65.76
WDC,Western Digital Corporation develops,Computer Hardware,35.11,35.27
WU,The Western Union Company provides money movement and payment services worldwide. The company operates in two segments,Credit Services,10.825,10.83
WAB,Westinghouse Air Brake Technologies Corporation provides technology-based locomotives,Railroads,94.05,95.49
WY,Weyerhaeuser Company,REIT—Specialty,27.95,28.3
WHR,Whirlpool Corporation manufactures and markets home appliances and related products and services in North America,"Furnishings, Fixtures & Appliances",125.7,126.09
WMB,The Williams Companies,Oil & Gas Midstream,28.28,28.3
WYNN,Wynn Resorts,Resorts & Casinos,104.745,106.2
XEL,Xcel Energy Inc.,Utilities—Regulated Electric,64.39,63.31
XYL,Xylem Inc.,Specialty Industrial Machinery,97.04,97.23
YUM,Yum! Brands,Restaurants,127.22,127.68
ZBH,Zimmer Biomet Holdings,Medical Devices,124.97,124.96
ZTS,Zoetis Inc. discovers,Drug Manufacturers—Specialty & Generic,161.82,161.24
BN4.SI,Keppel Corporation Limited,Conglomerates,5.4,5.46
C07.SI,Jardine Cycle & Carriage Limited,Conglomerates,28.76,28.99
C09.SI,City Developments Limited (CDL) is a leading global real estate operating company with a network spanning 103 locations in 29 countries and regions. Listed on the Singapore Exchange,Real Estate—Development,7.16,7.21
C6L.SI,Singapore Airlines Limited,Airlines,5.68,5.68
D01.SI,DFI Retail Group Holdings Limited operates as a retailer in Asia. The company operates through five segments: Food,Grocery Stores,2.87,2.85
D05.SI,DBS Group Holdings Ltd provides commercial banking and financial services in Singapore,Banks—Regional,33.37,33.49
F34.SI,Wilmar International Limited operates as an agribusiness company in Singapore,Farm Products,4.18,4.15
G13.SI,Genting Singapore Limited engages in the development,Resorts & Casinos,1.08,1.1
H78.SI,Hongkong Land Holdings Limited,Real Estate—Development,4.23,4.24
J36.SI,Jardine Matheson Holdings Limited,Conglomerates,47.66,47.65
O39.SI,Oversea-Chinese Banking Corporation Limited engages in the provision of financial services in Singapore,Banks—Regional,12.36,12.34
Q0F.SI,IHH Healthcare Berhad,Medical Care Facilities,1.73,1.74
S63.SI,Singapore Technologies Engineering Ltd,Aerospace & Defense,3.53,3.52
S68.SI,Singapore Exchange Limited,Financial Data & Stock Exchanges,9.08,8.93
U11.SI,United Overseas Bank Limited,Banks—Regional,29.29,29.42
Y92.SI,Thai Beverage Public Company Limited,Beverages—Wineries & Distilleries,0.635,0.64
Z74.SI,Singapore Telecommunications Limited,Telecom Services,2.38,2.4
Z77.SI,Singapore Telecommunications Limited,Telecom Services,2.4,2.4
4151.T,Kyowa Kirin Co.,Drug Manufacturers—General,2830.0,2838.0
4502.T,Takeda Pharmaceutical Company Limited engages in the research,Drug Manufacturers—Specialty & Generic,4263.0,4251.0
4503.T,Astellas Pharma Inc. engages in the manufacture,Drug Manufacturers—General,1845.0,1843.0
4506.T,Sumitomo Pharma Co.,Drug Manufacturers—Specialty & Generic,802.0,791.0
4507.T,Shionogi & Co.,Drug Manufacturers—Specialty & Generic,5867.0,5865.0
4519.T,Chugai Pharmaceutical Co.,Drug Manufacturers—General,3220.0,3255.0
4523.T,Eisai Co.,Drug Manufacturers—Specialty & Generic,7167.0,7189.0
4568.T,Daiichi Sankyo Company,Drug Manufacturers—General,4670.0,4634.0
4578.T,Otsuka Holdings Co.,Drug Manufacturers—General,3967.0,3967.0
6479.T,MinebeaMitsumi Inc. manufactures and supplies machined components,Electronic Components,2420.0,2449.0
6501.T,Hitachi,Conglomerates,6849.0,6863.0
6503.T,Mitsubishi Electric Corporation develops,Electrical Equipment & Parts,1538.0,1541.5
6594.T,Nidec Corporation,Specialty Industrial Machinery,6878.0,6827.0
6645.T,OMRON Corporation engages in industrial automation,Electronic Components,7441.0,7501.0
6701.T,NEC Corporation operates as a provider of information and communication technology solutions in Japan and internationally. It provides systems integration services comprising systems implementation and consulting; maintenance and support services; outsourcing and cloud services; and system equipment. The company also offers network infrastructure products,Information Technology Services,4920.0,4945.0
6702.T,Fujitsu Limited operates as an information and communication technology company in Japan and internationally. The company operates through three segments: Technology Solutions,Information Technology Services,17590.0,17725.0
6724.T,Seiko Epson Corporation,Computer Hardware,1870.0,1871.0
6752.T,Panasonic Holdings Corporation,Consumer Electronics,1131.5,1135.0
6753.T,Sharp Corporation manufactures and sells telecommunication equipment,Consumer Electronics,944.0,942.0
6758.T,Sony Group Corporation designs,Consumer Electronics,11595.0,11580.0
6762.T,TDK Corporation,Electronic Components,4665.0,4700.0
6770.T,Alps Alpine Co.,Electronic Components,1275.0,1285.0
6861.T,Keyence Corporation,Scientific & Technical Instruments,62270.0,61740.0
6902.T,DENSO Corporation develops,Auto Parts,7068.0,7108.0
6954.T,Fanuc Corporation provides factory automation products in Japan,Specialty Industrial Machinery,22910.0,23085.0
6971.T,Kyocera Corporation develops,Conglomerates,6838.0,6848.0
6981.T,Murata Manufacturing Co.,Electronic Components,7837.0,7871.0
7751.T,Canon Inc.,Computer Hardware,2871.0,2879.5
7752.T,Ricoh Company,Business Equipment & Supplies,975.0,982.0
8035.T,Tokyo Electron Limited,Semiconductor Equipment & Materials,50000.0,49100.0
7201.T,Nissan Motor Co.,Auto Manufacturers,480.7,482.7
7202.T,Isuzu Motors Limited manufactures and sells commercial vehicles,Auto Manufacturers,1579.0,1598.0
7203.T,Toyota Motor Corporation designs,Auto Manufacturers,1784.0,1787.0
7205.T,Hino Motors,Auto Manufacturers,522.0,527.0
7211.T,Mitsubishi Motors Corporation,Auto Manufacturers,493.0,495.0
7261.T,Mazda Motor Corporation manufactures and sells passenger cars and commercial vehicles in Japan,Auto Manufacturers,1142.0,1150.0
7267.T,Honda Motor Co.,Auto Manufacturers,3370.0,3391.0
7269.T,Suzuki Motor Corporation engages in the manufacturing and marketing of automobiles,Auto Manufacturers,4680.0,4671.0
7270.T,Subaru Corporation manufactures and sells automobiles and aerospace products in Japan,Auto Manufacturers,2063.0,2066.5
7272.T,Yamaha Motor Co.,Auto Manufacturers,3195.0,3205.0
4543.T,Terumo Corporation engages in the manufacture and sale of medical products and equipment worldwide. The company operates through three segments: Cardiac and Vascular Company,Medical Instruments & Supplies,3448.0,3547.0
7731.T,Nikon Corporation manufactures and sells optical instruments in Japan,Leisure,1324.0,1320.0
7733.T,Olympus Corporation manufactures and sells precision machineries and instruments worldwide. It operates through: Endoscopic Solutions Business,Medical Instruments & Supplies,2234.0,2240.0
7741.T,HOYA Corporation,Medical Instruments & Supplies,14120.0,13945.0
9432.T,Nippon Telegraph and Telephone Corporation provides fixed voice-related,Telecom Services,3969.0,3988.0
9433.T,KDDI Corporation provides telecommunications services in Japan and internationally. It operates in two segments,Telecom Services,4022.0,4041.0
9613.T,NTT DATA Corporation provides IT and business services worldwide. The company operates through Public & Social Infrastructure,Information Technology Services,1699.0,1706.0
9984.T,SoftBank Group Corp. provides telecommunication services in Japan and internationally. It operates through five segments: Investment Business of Holding Companies,Telecom Services,4972.0,4960.0
7186.T,Concordia Financial Group,Banks—Regional,475.0,474.0
8306.T,Mitsubishi UFJ Financial Group,Banks—Diversified,830.0,839.2
8308.T,Resona Holdings,Banks—Regional,593.5,609.4
8309.T,Sumitomo Mitsui Trust Holdings,Banks—Regional,4571.0,4599.0
8316.T,Sumitomo Mitsui Financial Group,Banks—Diversified,5189.0,5217.0
8331.T,The Chiba Bank,Banks—Regional,832.0,840.0
8411.T,Mizuho Financial Group,Banks—Regional,1843.5,1857.5
8591.T,ORIX Corporation provides diversified financial services in Japan,Credit Services,2141.0,2180.0
8697.T,Japan Exchange Group,Financial Data & Stock Exchanges,2045.0,2045.0
8601.T,Daiwa Securities Group Inc.,Capital Markets,612.0,617.0
8604.T,Nomura Holdings,Capital Markets,497.3,501.6
8630.T,Sompo Holdings,Insurance—Property & Casualty,5311.0,5333.0
8725.T,MS&AD Insurance Group Holdings,Insurance—Property & Casualty,4103.0,4125.0
8750.T,Dai-ichi Life Holdings,Insurance—Life,2326.5,2345.0
8766.T,Tokio Marine Holdings,Insurance—Property & Casualty,2541.0,2571.5
8795.T,T&D Holdings,Insurance—Life,1534.0,1559.0
2269.T,Meiji Holdings Co.,Packaged Foods,6400.0,6400.0
2282.T,NH Foods Ltd. engages in the meat processing and packing business in Japan and internationally. The company's Processed Foods Business division offers hams and sausages under the SCHAU ESSEN brand; and Chinese food meal kits under the Chuka Meisai brand; chilled pizzas under the Ishigama Kobo brand; and other meat products under the Hokkaido Carl Ramon and Kamakura Ham Tomioka brands. This segment also provides dairy products,Packaged Foods,3945.0,3925.0
2502.T,Asahi Group Holdings,Beverages—Brewers,4781.0,4764.0
2503.T,Kirin Holdings Company,Beverages—Brewers,2053.5,2090.0
2801.T,Kikkoman Corporation,Packaged Foods,6540.0,6460.0
2802.T,Ajinomoto Co.,Packaged Foods,4502.0,4452.0
2914.T,Japan Tobacco Inc.,Tobacco,2723.0,2723.5
3382.T,Seven & i Holdings Co.,Grocery Stores,5817.0,5764.0
8267.T,Aeon Co.,Department Stores,2533.0,2524.5
9983.T,Fast Retailing Co.,Apparel Retail,27370.0,27650.0
2413.T,M3,Health Information Services,3399.0,3413.0
3659.T,NEXON Co.,Electronic Gaming & Multimedia,2995.0,2998.0
4324.T,Dentsu Group Inc. operates in the advertising business in Japan and internationally. It offers advertising services,Advertising Agencies,4495.0,4525.0
4689.T,Z Holdings Corporation engages in media and commerce businesses in Japan. The company focuses on shopping and reuse businesses. It also offers membership,Internet Retail,380.4,382.3
4704.T,Trend Micro Incorporated develops and sells security-related software for computers and the Internet primarily in Japan. The company offers hybrid cloud security solutions,Software—Infrastructure,6370.0,6370.0
4755.T,Rakuten Group,Internet Retail,634.0,638.0
6098.T,Recruit Holdings Co.,Staffing & Employment Services,3725.0,3660.0
6178.T,Japan Post Holdings Co.,Banks—Regional,1090.0,1096.5
7974.T,Nintendo Co.,Electronic Gaming & Multimedia,5058.0,5076.0
9602.T,Toho Co.,Entertainment,4940.0,4930.0
9735.T,SECOM CO.,Security & Protection Services,8126.0,8116.0
9766.T,Konami Group Corporation,Electronic Gaming & Multimedia,6210.0,6230.0
1605.T,Inpex Corporation engages in the research,Oil & Gas E&P,1353.0,1371.0
3402.T,Toray Industries,Textile Manufacturing,740.8,747.1
3405.T,Kuraray Co.,Chemicals,1169.0,1167.0
3407.T,Asahi Kasei Corporation manufactures,Chemicals,904.7,909.2
4005.T,Sumitomo Chemical Company,Chemicals,436.0,437.0
4042.T,Tosoh Corporation manufactures and sells basic chemicals,Chemicals,1762.0,1772.0
4063.T,Shin-Etsu Chemical Co.,Chemicals,20885.0,20430.0
4188.T,Mitsubishi Chemical Group Corporation provides performance products,Chemicals,763.9,768.3
4452.T,Kao Corporation develops and sells cosmetic,Household & Personal Products,5092.0,5091.0
4901.T,FUJIFILM Holdings Corporation develops,Business Equipment & Supplies,6480.0,6500.0
4911.T,Shiseido Company,Household & Personal Products,5990.0,6000.0
6988.T,Nitto Denko Corporation primarily engages in the adhesive tapes business in Japan and internationally. It provides double sided tapes,Specialty Chemicals,8400.0,8460.0
5020.T,ENEOS Holdings,Oil & Gas Refining & Marketing,462.0,463.9
5108.T,Bridgestone Corporation,Auto Parts,5172.0,5192.0
5201.T,AGC Inc. manufactures and sells glass,Specialty Chemicals,4820.0,4800.0
5332.T,Toto Ltd. manufactures and sells bathroom and kitchen plumbing fixtures worldwide. It provides sanitary ware comprising toilet basins,Building Products & Equipment,4415.0,4435.0
5333.T,NGK Insulators,Specialty Industrial Machinery,1715.0,1717.0
5401.T,Nippon Steel Corporation engages in steelmaking and steel fabrication,Steel,2999.5,3019.0
5411.T,JFE Holdings,Steel,1602.0,1599.0
5713.T,Sumitomo Metal Mining Co.,Other Industrial Metals & Mining,4905.0,4943.0
5802.T,Sumitomo Electric Industries,Auto Parts,1630.5,1631.0
8001.T,ITOCHU Corporation engages in trading and importing/exporting various products worldwide. The company's Textile segment produces and sells fiber and garment materials,Conglomerates,4125.0,4164.0
8002.T,Marubeni Corporation engages in various business activities worldwide. The company trades in grains,Conglomerates,1720.0,1726.5
8015.T,Toyota Tsusho Corporation engages in the metals,Conglomerates,5270.0,5300.0
8031.T,Mitsui & Co.,Conglomerates,3731.0,3772.0
8053.T,Sumitomo Corporation engages in general trading business worldwide. It operates through six segments: Metal Products; Transportation & Construction Systems; Infrastructure; Media & Digital; Living Related & Real Estate; and Mineral Resources,Conglomerates,2268.0,2271.0
8058.T,Mitsubishi Corporation engages in the natural gas,Conglomerates,4586.0,4633.0
1801.T,Taisei Corporation engages in the civil engineering,Engineering & Construction,4010.0,4060.0
1802.T,Obayashi Corporation engages in the construction business in Japan,Engineering & Construction,996.0,990.0
1803.T,Shimizu Corporation engages in the building contracting,Engineering & Construction,740.0,743.0
1812.T,Kajima Corporation engages in civil engineering,Engineering & Construction,1568.0,1574.0
1925.T,Daiwa House Industry Co.,Real Estate—Development,3084.0,3088.0
1928.T,Sekisui House,Residential Construction,2656.5,2657.0
6273.T,SMC Corporation manufactures,Specialty Industrial Machinery,68290.0,68530.0
6301.T,Komatsu Ltd. manufactures and sells construction,Farm & Heavy Construction Machinery,3202.0,3210.0
6326.T,Kubota Corporation manufactures and markets machinery and related solutions in the food,Farm & Heavy Construction Machinery,1910.0,1938.5
6367.T,Daikin Industries,Building Products & Equipment,22950.0,22910.0
6471.T,NSK Ltd.,Auto Parts,731.0,734.0
6473.T,JTEKT Corporation manufactures and sells steering systems,Auto Parts,961.0,973.0
7011.T,Mitsubishi Heavy Industries,Specialty Industrial Machinery,4599.0,4575.0
7012.T,Kawasaki Heavy Industries,Specialty Industrial Machinery,2761.0,2768.0
7832.T,BANDAI NAMCO Holdings Inc. develops entertainment-related products and services worldwide. It offers toys,Leisure,8422.0,8394.0
7911.T,Toppan Inc. develops solutions based on its printing technologies. The company offers security documents,Specialty Business Services,2524.0,2541.0
7912.T,Dai Nippon Printing Co.,Specialty Business Services,3620.0,3640.0
8801.T,Mitsui Fudosan Co.,Real Estate—Diversified,2367.0,2401.5
8802.T,Mitsubishi Estate Co.,Real Estate—Diversified,1546.0,1553.5
8830.T,Sumitomo Realty & Development Co.,Real Estate Services,2882.5,2904.5
9001.T,Tobu Railway Co.,Railroads,3115.0,3125.0
9005.T,Tokyu Corporation,Department Stores,1719.0,1711.0
9007.T,Odakyu Electric Railway Co.,Railroads,1682.0,1645.0
9020.T,East Japan Railway Company operates as a passenger railway company in Japan and internationally. The company operates through Transportation,Railroads,7225.0,7213.0
9021.T,West Japan Railway Company provides passenger railway transport services in Japan. The company operates through Transportation Operations,Railroads,5299.0,5308.0
9022.T,Central Japan Railway Company engages in the railway and related businesses in Japan. The company operates through Transportation,Railroads,15505.0,15515.0
9064.T,Yamato Holdings Co.,Trucking,2213.0,2224.0
9202.T,ANA Holdings Inc.,Airlines,2783.0,2772.5
9501.T,Tokyo Electric Power Company Holdings,Utilities—Renewable,453.0,449.0
9502.T,Chubu Electric Power Company,Utilities—Diversified,1403.0,1389.0
9503.T,The Kansai Electric Power Company,Utilities—Renewable,1277.0,1258.0
9531.T,Tokyo Gas Co.,Utilities—Regulated Gas,2497.0,2487.0
9532.T,Osaka Gas Co.,Utilities—Regulated Gas,2202.0,2208.0
EICHERMOT.NS,Eicher Motors Limited,Auto Manufacturers,2909.6,2927.7
GODREJCP.NS,Godrej Consumer Products Limited,Household & Personal Products,951.2,952.25
HDFC.NS,Housing Development Finance Corporation Limited provides housing finance to individuals and corporate customers in India. It operates through Loans,Mortgage Finance,2559.9,2569.85
MARICO.NS,Marico Limited,Household & Personal Products,477.2,479.35
NESTLEIND.NS,Nestlé India Limited manufactures and sells food products in India. The company provides milk products and nutrition,Packaged Foods,18953.1,19044.45
SHREECEM.NS,Shree Cement Limited manufactures and sells cement and clinker in India and internationally. It offers cement under the Roofon,Building Materials,25511.65,25413.15
AMBUJACEM.NS,Ambuja Cements Limited,Building Materials,371.8,372.15
AXISBANK.NS,Axis Bank Limited provides various financial products and services. It operates through four segments: Treasury,Banks—Regional,839.9,848.8
BHEL.NS,Bharat Heavy Electricals Limited operates as engineering and manufacturing company in India. The company operates in two segments: Power and Industry. It offers thermal power plants,Specialty Industrial Machinery,71.8,74.3
BOSCHLTD.NS,Bosch Limited manufactures and trades in automotive products in India and internationally. The company operates through Automotive Products,Auto Parts,18452.65,18427.8
BPCL.NS,Bharat Petroleum Corporation Limited refines crude oil and markets petroleum products in India. The company operates through two segments,Oil & Gas Refining & Marketing,345.4,348.35
CIPLA.NS,Cipla Limited,Drug Manufacturers—General,877.25,869.1
COALINDIA.NS,Coal India Limited,Thermal Coal,208.45,213.35
DABUR.NS,Dabur India Limited operates as a fast-moving consumer goods company worldwide. It operates through Consumer Care Business,Household & Personal Products,536.4,539.4
DRREDDY.NS,Dr. Reddy's Laboratories Limited,Drug Manufacturers—Specialty & Generic,4464.15,4446.95
GAIL.NS,GAIL (India) Limited operates as a natural gas processing and distribution company in India and internationally. The company operates through Transmission Services,Utilities—Regulated Gas,103.5,105.1
GRASIM.NS,Grasim Industries Limited operates in fibre,Building Materials,1594.3,1605.95
HCLTECH.NS,HCL Technologies Limited offers software development,Information Technology Services,1051.75,1065.9
HDFCBANK.NS,HDFC Bank Limited provides banking and financial services to individuals and businesses in India,Banks—Regional,1560.65,1563.15
HINDALCO.NS,Hindalco Industries Limited,Aluminum,388.4,398.8
HINDPETRO.NS,Hindustan Petroleum Corporation Limited refines and markets petroleum products in India and internationally. The company operates through Downstream Petroleum and All Other segments. It offers petrol,Oil & Gas Refining & Marketing,238.85,242.7
ICICIBANK.NS,ICICI Bank Limited provides various banking products and services in India and internationally. It operates through Retail Banking,Banks—Regional,852.4,855.45
IDEA.NS,Vodafone Idea Limited provides mobile telecommunication services in India. It offers voice and data services on 2G,Telecom Services,6.25,6.45
INFY.NS,Infosys Limited,Information Technology Services,1380.65,1374.55
IOC.NS,Indian Oil Corporation Limited,Oil & Gas Refining & Marketing,78.4,79.0
ITC.NS,ITC Limited engages in the fast-moving consumer goods,Tobacco,378.7,380.65
JSWSTEEL.NS,JSW Steel Limited engages in the manufacture and sale of iron and steel products in India and internationally. The company provides hot rolled and cold-rolled coils,Steel,657.8,667.8
KOTAKBANK.NS,Kotak Mahindra Bank Limited provides banking and financial services to corporate and individual customers in India. It operates through Treasury,Banks—Regional,1692.15,1679.7
LT.NS,Larsen & Toubro Limited engages in engineering,Engineering & Construction,2166.15,2206.65
LUPIN.NS,Lupin Limited,Drug Manufacturers—Specialty & Generic,640.0,648.55
M&M.NS,Mahindra & Mahindra Limited provides mobility products and farm solutions in India and internationally. The company operates through Automotive,Auto Manufacturers,1150.8,1164.95
MARUTI.NS,Maruti Suzuki India Limited manufactures,Auto Manufacturers,8242.9,8353.2
NTPC.NS,NTPC Limited generates and sells bulk power to state power utilities in India. It operates in two segments,Utilities—Regulated Electric,172.7,174.6
ONGC.NS,Oil and Natural Gas Corporation Limited explores for,Oil & Gas Integrated,149.4,152.8
PFC.NS,Power Finance Corporation Limited,Credit Services,148.15,152.35
SBIN.NS,State Bank of India provides banking products and services to individuals,Banks—Regional,505.35,512.75
SIEMENS.NS,Siemens Limited manufactures and sells electric motors,Specialty Industrial Machinery,3333.45,3324.95
SUNPHARMA.NS,Sun Pharmaceutical Industries Limited,Drug Manufacturers—Specialty & Generic,972.85,977.65
TATASTEEL.NS,Tata Steel Limited manufactures and distributes steel products in India and internationally. It operates in Tata Steel India,Steel,102.1,104.9
TCS.NS,Tata Consultancy Services Limited provides information technology (IT) and IT enabled services worldwide. The company operates through Banking,Information Technology Services,3120.5,3124.65
TECHM.NS,Tech Mahindra Limited provides information technology (IT) services and solutions in the Americas,Information Technology Services,1101.95,1099.45
TITAN.NS,Titan Company Limited,Luxury Goods,2493.35,2519.05
WIPRO.NS,Wipro Limited operates as an information technology (IT),Information Technology Services,361.75,361.5
YESBANK.NS,Yes Bank Limited provides various banking products and services. It operates through Treasury,Banks—Regional,15.05,15.2
ZEEL.NS,Zee Entertainment Enterprises Limited,Broadcasting,211.75,216.0
MOTHERSON.NS,Samvardhana Motherson International Limited engages in the manufacture and sale of components for automotive original equipment manufacturers in India and internationally. The company offers interior and exterior mirrors,Auto Parts,64.75,65.25
UPL.NS,UPL Limited engages in the provision of sustainable agriculture products and solutions in India and internationally. It operates through two segments,Agricultural Inputs,696.9,709.7
VEDL.NS,Vedanta Limited operates as a diversified natural resources company in India. It explores for,Other Industrial Metals & Mining,269.75,271.25
ZYDUSLIFE.NS,Zydus Lifesciences Limited engages in the research,Drug Manufacturers—Specialty & Generic,480.7,482.3
BHARTIARTL.NS,Bharti Airtel Limited operates as a telecommunications company in Asia and Africa. It operates through Mobile Services India,Telecom Services,762.45,763.55
BAJAJ-AUTO.NS,Bajaj Auto Limited develops,Auto Manufacturers,3827.9,3862.95
ULTRACEMCO.NS,UltraTech Cement Limited,Building Materials,7405.65,7407.95
HEROMOTOCO.NS,Hero MotoCorp Limited manufactures and sells motorized two wheelers,Auto Manufacturers,2313.35,2362.5
BAJAJFINSV.NS,Bajaj Finserv Ltd.,Financial Conglomerates,1240.65,1290.0
